feed,posts,unique_authors,top10_author_share,author_hhi,author_gini,median_age_hours,p90_age_hours,median_likes,p90_likes,share_english,n_languages,media_share,median_text_chars
Discover,150,121,0.22,0.010933333333333333,0.17476584022038574,4.934930069166667,18.61848848583333,125.5,3904.9999999999973,0.46,15,0.6866666666666666,87.5
What's Hot Classic,150,136,0.14,0.008000000000000002,0.08500000000000002,0.22502399361111108,0.2834159658333333,16.5,37.0,0.6666666666666666,11,0.5533333333333333,99.5
Science,149,96,0.3288590604026846,0.02797171298590154,0.3100531319910515,12.522607821666668,18.307696099444442,7.0,33.0,0.7046979865771812,3,0.33557046979865773,252.0
News,150,72,0.3333333333333333,0.020800000000000006,0.3409259259259259,0.3721363441666667,0.6743328536388888,1.0,10.0,0.08666666666666667,4,0.14,120.0
Baseline (list feed),150,9,1.0,0.2397333333333333,0.5570370370370371,158.60103964277778,251.5593477538889,1.0,23.0,0.94,1,0.06,103.5
