term,coef,std_err,t,p_value
intercept,132.3672525439424,17.02069959663823,7.77683971169354,2.3854773845534923e-12
trend,-1.368979340117211,0.6515174901258814,-2.1012165611282465,0.03763027764271752
level_shift,299.1591533837216,21.728334880715114,13.768158260909306,8.139279964886679e-27
trend_change,2.6960646849809673,0.7047767601630939,3.82541655368583,0.00020507854237579538
